City_ID,City,Lat,Lng,Max Temp,Humidity,Cloudiness,Wind Speed,Country,Date
0,La Passe,45.5549,-0.8967,17.21,83,97,6.6,FR,1691108159
1,Tiksi,71.6872,128.8694,3.23,97,100,2.87,RU,1691108159
2,Ushuaia,-54.8,-68.3,-0.19,100,100,3.6,AR,1691108159
3,Winnemucca,40.973,-117.7357,29.03,24,75,6.17,US,1691108159
4,Olyokminsk,60.3736,120.4264,22.38,43,3,1.96,RU,1691108159
5,Margate,51.3813,1.3862,17.15,80,100,0.89,GB,1691108160
6,Kingston,17.997,-76.7936,29.53,88,20,4.63,JM,1691108160
7,Puerto Natales,-51.7236,-72.4875,3.66,73,100,9.34,CL,1691107885
8,Atafu Village,-8.5421,-172.5159,28.31,75,37,6.22,TK,1691107891
9,Petropavlovsk-Kamchatsky,53.0452,158.6483,14.33,77,75,2.0,RU,1691107954
10,Longyearbyen,78.2186,15.6401,11.91,76,75,11.83,SJ,1691108161
11,Grytviken,-54.2811,-36.5092,-4.61,78,98,5.14,GS,1691108161
12,Edinburgh Of The Seven Seas,-37.0676,-12.3116,13.78,84,100,19.22,SH,1691108161
13,Kasane,-17.8167,25.15,12.51,59,2,2.47,BW,1691108162
14,Ribeira Grande,38.5167,-28.7,23.21,86,15,2.68,PT,1691108162
15,San Ignacio De Velasco,-16.3667,-60.95,24.51,36,2,0.69,BO,1691108162
16,Miguel Auza,24.2933,-103.4503,26.1,31,50,4.72,MX,1691108163
17,Hermanus,-34.4187,19.2345,16.02,65,100,2.29,ZA,1691108163
18,Palamos,41.8484,3.1291,22.84,32,73,4.02,ES,1691108163
19,Bethel,41.3712,-73.414,22.47,67,0,3.09,US,1691108163
20,Qamdo,31.1667,97.2333,7.6,82,97,1.21,CN,1691108164
21,Port-Aux-Francais,-49.35,70.2167,2.86,79,68,15.31,TF,1691107880
22,Freeport,40.6576,-73.5832,23.99,66,0,8.75,US,1691108164
23,Waitangi,-43.9535,-176.5597,12.68,89,42,3.58,NZ,1691108164
24,Vryburg,-26.9566,24.7284,6.15,57,2,3.26,ZA,1691108165
25,Bredasdorp,-34.5322,20.0403,15.36,49,92,2.86,ZA,1691108165
26,Lompoc,34.6391,-120.4579,25.38,78,20,9.77,US,1691108165
27,Nema,57.5067,50.5011,15.91,87,41,1.18,RU,1691108166
28,Ntoum,0.3833,9.7833,22.17,85,60,1.42,GA,1691108166
29,Fort St. John,56.2499,-120.8529,18.94,63,75,4.12,CA,1691108166
30,Smithers,54.7804,-127.1743,23.18,40,40,1.54,CA,1691108166
31,Bartica,6.4,-58.6167,24.18,96,79,0.75,GY,1691108167
32,Ghanzi,-21.5667,21.7833,11.38,58,1,4.72,BW,1691108167
33,Albany,42.6001,-73.9662,22.07,80,90,0.45,US,1691107945
34,Papatowai,-46.5619,169.4708,12.77,68,100,6.47,NZ,1691108167
35,Khandyga,62.6667,135.6,20.3,54,2,0.53,RU,1691108168
36,Blackmans Bay,-43.0167,147.3167,13.07,83,100,4.24,AU,1691108168
37,Puerto Ayora,-0.7393,-90.3518,24.75,93,62,1.34,EC,1691108168
38,West Island,-12.1568,96.8225,24.99,83,75,8.75,CC,1691108168
39,Lihue,21.9789,-159.3672,30.58,65,0,7.2,US,1691108169
40,Birzai,56.2,24.75,15.3,95,80,4.76,LT,1691108169
41,Port Elizabeth,-33.918,25.5701,14.16,54,0,3.09,ZA,1691107883
42,Paradip Garh,20.3167,86.6167,27.54,81,100,4.69,IN,1691108170
43,Samana,19.2056,-69.3369,26.49,91,3,3.1,DO,1691108170
44,Gunnedah,-30.9833,150.25,15.74,44,68,1.16,AU,1691108170
45,Chilecito,-29.1619,-67.4974,13.75,49,14,1.77,AR,1691108171
46,East London,-33.0153,27.9116,19.59,35,3,4.95,ZA,1691108171
47,Broken Hill,-31.95,141.4333,18.9,39,4,11.46,AU,1691108171
48,Tazovsky,67.4667,78.7,12.71,68,9,3.08,RU,1691107942
49,Thief River Falls,48.1191,-96.1812,27.96,42,0,4.63,US,1691108172
50,Walvis Bay,-22.9575,14.5053,13.38,91,51,2.28,NA,1691107916
51,Hithadhoo,-0.6,73.0833,27.62,77,20,3.6,MV,1691108172
52,Kembe,4.6228,21.8865,20.83,98,91,1.0,CF,1691108172
53,San Patricio,28.017,-97.5169,34.05,54,36,7.22,US,1691108173
54,Punta Arenas,-53.15,-70.9167,1.82,75,80,12.13,CL,1691108173
55,Puerto Maldonado,-12.6,-69.1833,25.66,45,0,0.57,PE,1691108173
56,Kayangel,8.0823,134.7173,27.99,75,72,1.6,PW,1691107955
57,Margaret River,-33.95,115.0667,9.02,73,78,2.87,AU,1691108174
58,Rahimah,26.7079,50.0619,34.12,57,0,8.59,SA,1691108174
59,Chifeng,42.2683,118.9636,25.57,58,100,2.57,CN,1691108174
60,Laojunmiao,39.8333,97.7333,23.43,29,4,1.78,CN,1691108174
61,Dwarka,22.2394,68.9678,27.34,83,100,8.57,IN,1691108175
62,Hawaiian Paradise Park,19.5933,-154.9731,28.73,73,20,6.17,US,1691107913
63,Villa Hernandarias,-31.231,-59.985,12.92,59,11,5.08,AR,1691108176
64,Magadan,59.5667,150.8,18.63,66,100,2.9,RU,1691108176
65,Shingu,33.7333,135.9833,30.29,65,11,2.09,JP,1691108177
66,Polyarnyy,69.1989,33.4478,16.55,81,27,3.31,RU,1691108177
67,Yellowknife,62.456,-114.3525,21.29,60,75,3.09,CA,1691108177
68,Aasiaat,68.7098,-52.8699,1.62,95,37,2.7,GL,1691108177
69,Acapulco De Juarez,16.8634,-99.8901,26.43,87,98,1.17,MX,1691108130
70,Codrington,-38.2667,141.9667,14.57,89,79,10.99,AU,1691108178
71,Shakhtersk,48.0625,38.5167,21.7,66,4,0.84,UA,1691108178
72,Ingeniero Jacobacci,-41.3427,-69.5448,2.0,49,0,4.46,AR,1691108178
73,Olonkinbyen,70.9221,-8.7187,4.11,94,100,9.68,SJ,1691108179
74,Coquimbo,-29.9533,-71.3436,14.85,82,100,2.57,CL,1691107996
75,Bilibino,68.0546,166.4372,10.08,96,100,0.13,RU,1691108179
76,Coruripe,-10.1256,-36.1756,24.25,61,44,4.0,BR,1691108179
77,Pacific Grove,36.6177,-121.9166,25.3,78,40,6.17,US,1691107903
78,Pathein,16.7833,94.7333,26.42,89,97,4.23,MM,1691108180
79,College,64.8569,-147.8028,26.71,44,75,2.57,US,1691108000
80,Cannonvale,-20.2833,148.7,19.66,68,5,8.23,AU,1691108180
81,Qaqortoq,60.7167,-46.0333,6.28,87,75,1.35,GL,1691108181
82,Adamstown,-25.066,-130.1015,18.91,83,100,8.76,PN,1691108181
83,Wailua Homesteads,22.0669,-159.378,30.24,74,0,7.2,US,1691107919
84,Driyorejo,-7.3659,112.6219,27.75,100,40,1.03,ID,1691108182
85,Alice Springs,-23.7,133.8833,22.75,31,0,4.63,AU,1691108182
86,Gadzhiyevo,69.2551,33.3362,16.37,81,26,3.14,RU,1691108183
87,Altay,47.8667,88.1167,20.06,59,23,1.98,CN,1691108183
88,Nuriootpa,-34.4833,139.0,12.53,96,72,9.06,AU,1691108035
89,Vorgashor,67.5833,63.95,18.43,78,12,1.42,RU,1691107921
90,Happy Valley-Goose Bay,53.3168,-60.3315,18.17,68,75,0.0,CA,1691108184
91,Talnakh,69.4865,88.3972,18.45,43,22,2.68,RU,1691108184
92,Nogliki,51.8333,143.1667,15.9,68,69,5.18,RU,1691108184
93,Ladario,-19.0047,-57.6017,25.69,31,0,1.37,BR,1691108180
94,Udachny,66.4167,112.4,6.92,100,99,2.33,RU,1691108185
95,Siguiri,11.6667,-9.5,23.51,81,75,0.92,GN,1691108185
96,Enewetak,11.3474,162.3373,28.66,77,21,5.82,MH,1691107963
97,Arraial Do Cabo,-22.9661,-42.0278,20.9,81,0,4.78,BR,1691108186
98,Iqaluit,63.7506,-68.5145,10.85,71,75,0.0,CA,1691108186
99,Santa Terezinha,-29.9002,-50.0904,16.88,86,99,1.42,BR,1691108186
100,Isangel,-19.55,169.2667,22.06,88,100,10.29,VU,1691108186
101,Tucuma,-0.1833,-50.05,24.96,91,14,3.1,BR,1691108187
102,Bayanaul,50.7889,75.6956,20.87,54,18,0.54,KZ,1691108187
103,Wyrzysk,53.153,17.268,19.0,85,12,5.64,PL,1691108187
104,Kavieng,-2.5744,150.7967,28.3,75,38,3.43,PG,1691108187
105,Kailua-Kona,19.6406,-155.9956,28.98,81,75,4.12,US,1691108188
106,Pangoa,-12.1167,-73.0,22.31,68,15,1.51,PE,1691108188
107,Ust-Nera,64.5667,143.2,18.86,41,1,2.7,RU,1691107909
108,Afaahiti,-17.75,-149.2833,26.93,75,16,4.16,PF,1691108188
109,Kurchatov,51.6601,35.6521,23.56,82,31,1.94,RU,1691108189
110,Ryotsu-Minato,38.0833,138.4333,29.93,68,1,3.3,JP,1691108189
111,Badger,64.8,-147.5333,26.66,41,40,2.57,US,1691108189
112,Satipo,-11.2522,-74.6386,25.05,54,43,0.92,PE,1691108190
113,Luau,-10.7073,22.2247,17.4,44,0,2.32,AO,1691108190
114,Minas De Marcona,-15.2119,-75.1103,12.65,82,32,3.34,PE,1691108190
115,Cabo San Lucas,22.8909,-109.9124,36.45,51,20,7.72,MX,1691108190
116,Kruisfontein,-34.0033,24.7314,16.14,40,7,5.41,ZA,1691107995
117,Castillos,-34.1667,-53.8333,9.94,61,100,1.83,UY,1691108191
118,New Norfolk,-42.7826,147.0587,13.72,74,100,1.36,AU,1691108191
119,Jorpeland,59.0225,6.0408,15.9,84,72,5.16,NO,1691108192
120,Crane,31.3974,-102.3501,36.9,24,5,6.45,US,1691108025
121,Saipan,15.1355,145.701,31.39,100,0,3.58,MP,1691108192
122,Rumbek,6.802,29.6912,21.53,96,100,1.2,SS,1691107992
123,Timimoun,29.2639,0.231,36.21,9,0,4.63,DZ,1691108193
124,Vidyayevo,69.3191,32.8049,16.74,81,31,2.06,RU,1691108193
125,Ardakan,32.31,54.0175,29.86,13,0,2.0,IR,1691108193
126,Meizhou,24.2977,116.1072,30.14,74,97,1.83,CN,1691108194
127,Uturoa,-16.7333,-151.4333,25.92,69,17,5.58,PF,1691108194
128,Hadibu,12.65,54.0333,25.86,81,100,11.18,YE,1691107937
129,Susuman,62.7833,148.1667,15.03,35,92,5.2,RU,1691108194
130,Grand Falls-Windsor,48.9332,-55.6649,15.99,71,31,1.41,CA,1691108195
131,Lebu,-37.6167,-73.65,8.34,77,4,8.32,CL,1691107925
132,Novodvinsk,64.4165,40.8122,19.06,76,88,2.46,RU,1691107967
133,Tsiombe,-25.3,45.4833,18.49,60,7,7.19,MG,1691107975
134,Dawson Creek,55.7666,-120.2362,19.8,52,75,3.6,CA,1691107942
135,Thompson,55.7435,-97.8558,23.09,56,75,1.54,CA,1691108196
136,Lakatoro,-16.0999,167.4164,21.41,93,100,3.07,VU,1691108196
137,Burutu,5.3509,5.5076,24.1,85,59,1.95,NG,1691108196
138,Bryne,58.7354,5.6477,15.81,84,100,10.29,NO,1691108196
139,Yishui,35.7847,118.6281,27.13,83,9,3.08,CN,1691108196
140,Ola,59.5833,151.2833,18.97,63,100,4.88,RU,1691108197
141,Bandar Lampung,-5.4254,105.258,23.97,92,60,0.35,ID,1691108197
142,Merrill,45.1805,-89.6835,28.87,61,75,3.6,US,1691108117
143,San Antonio De Pale,-1.4014,5.6325,22.19,77,100,4.36,GQ,1691108197
144,Yuzhno-Kurilsk,44.0306,145.8556,22.19,83,84,7.52,RU,1691108198
145,Behshahr,36.6923,53.5526,26.5,90,97,1.97,IR,1691108198
146,Kalevala,65.2,31.1667,16.8,98,100,2.32,RU,1691108198
147,Port Mathurin,-19.6833,63.4167,23.12,70,25,10.47,MU,1691108198
148,Timbuktu,16.7735,-3.0074,35.7,33,2,6.12,ML,1691108198
149,Ciurea,47.05,27.5667,24.32,70,0,3.09,RO,1691108199
150,Flying Fish Cove,-10.4217,105.6791,23.82,100,100,5.14,CX,1691108122
151,Jamestown,42.097,-79.2353,22.8,78,0,2.06,US,1691108121
152,Buala,-8.145,159.5921,27.54,82,100,2.4,SB,1691108200
153,Brisas De Zicatela,15.8369,-97.0419,30.29,54,75,0.0,MX,1691108201
154,Roma,43.2128,-75.4557,24.37,75,0,2.57,US,1691107975
155,Keflavik,64.0049,-22.5624,9.95,87,75,3.09,IS,1691107918
156,Sechura,-5.5569,-80.8222,23.74,72,4,7.91,PE,1691108201
157,Springfield,37.2153,-93.2982,35.55,60,0,2.57,US,1691108037
158,Poso,-1.3959,120.7524,28.03,66,10,2.07,ID,1691108202
159,Dunedin,-45.8742,170.5036,8.78,72,76,0.89,NZ,1691108202
160,Bowen,-20.0167,148.2333,22.24,62,2,9.28,AU,1691108202
161,Whitehorse,60.7161,-135.0538,27.79,40,40,3.09,CA,1691108202
162,Port Alfred,-33.5906,26.891,18.02,42,7,6.08,ZA,1691108203
163,Kismayo,-0.3582,42.5454,23.89,83,70,7.87,SO,1691108203
164,Taneytown,39.6579,-77.1744,23.24,85,85,6.66,US,1691108203
165,Stovring,56.8854,9.8384,15.88,91,95,5.07,DK,1691108203
166,Kuta,-8.7233,115.1723,25.0,88,40,1.54,ID,1691108204
167,El Bauga,18.262,33.9081,30.64,50,63,5.94,SD,1691108204
168,Ilulissat,69.2167,-51.1,8.01,76,20,1.54,GL,1691108204
169,Caleta De Carquin,-11.0925,-77.6267,19.11,79,10,4.65,PE,1691108204
170,Invercargill,-46.4,168.35,12.79,77,100,2.24,NZ,1691108205
171,Fuglafjordur,62.244,-6.814,8.26,82,100,8.45,FO,1691108206
172,Weno,7.4515,151.8468,28.85,75,37,3.95,FM,1691108206
173,Nizhnevartovsk,60.9344,76.5531,18.01,88,0,3.13,RU,1691108207
174,Kovalam,8.3667,76.9967,28.05,83,40,2.57,IN,1691108207
175,Quepos,9.4236,-84.1652,27.43,84,61,0.75,CR,1691108207
176,La Ronge,55.1001,-105.2842,19.14,88,75,4.12,CA,1691108207
177,Salavan,15.7167,106.4167,23.18,99,100,0.62,LA,1691108208
178,Fukuecho,32.6881,128.8419,29.2,79,20,4.12,JP,1691108208
179,Kingscliff,-28.2667,153.5667,19.97,88,75,3.6,AU,1691108208
180,Carutapera,-1.195,-46.02,25.29,86,32,3.66,BR,1691108208
181,Hilo,19.7297,-155.09,31.27,78,20,6.17,US,1691108184
182,Siwa Oasis,29.2041,25.5195,31.48,24,0,5.26,EG,1691108209
183,Chonchi,-42.6128,-73.8092,5.07,93,37,1.37,CL,1691108209
184,Newtown,-33.8984,151.1775,19.32,65,0,2.57,AU,1691108209
185,San Fernando,15.0286,120.6898,26.85,83,100,4.08,PH,1691108210
186,Kolonia,50.9333,6.95,16.01,88,75,1.54,DE,1691107911
187,Antonio Enes,-16.2325,39.9086,19.78,90,50,4.84,MZ,1691108210
188,Georgetown,5.4112,100.3354,28.96,83,20,3.13,MY,1691108210
189,Hamilton,39.1834,-84.5333,29.44,59,0,3.6,US,1691107915
190,Carnarvon,-24.8667,113.6333,14.07,63,0,8.55,AU,1691108002
191,Kisanga,-7.4362,37.7034,21.01,71,88,1.2,TZ,1691108211
192,Stanley,54.868,-1.6985,13.49,92,75,1.54,GB,1691108211
193,Isafjordur,66.0755,-23.124,10.35,74,81,0.67,IS,1691108211
194,Peace River,56.2501,-117.286,20.17,59,40,2.57,CA,1691108212
195,Al Bayda',32.7627,21.7551,23.66,53,0,2.46,LY,1691108212
196,Magdagachi,53.45,125.8,18.45,49,96,2.39,RU,1691108212
197,Jiayuguan,39.8167,98.3,25.87,25,2,2.31,CN,1691108212
198,Vila Franca Do Campo,37.7167,-25.4333,22.23,85,76,4.43,PT,1691108213
199,Malabar,-33.9667,151.25,19.31,62,0,2.57,AU,1691108213
200,Taltal,-25.4,-70.4833,16.42,82,20,2.23,CL,1691108213
201,Xinyuan,37.3,99.0,8.83,75,3,1.57,CN,1691108213
202,Forster,-32.1667,152.5167,17.94,65,62,3.16,AU,1691108214
203,Kotar,24.7167,80.9833,26.18,87,100,2.41,IN,1691108214
204,Dudinka,69.4058,86.1778,18.68,54,25,2.04,RU,1691108214
205,Alo,7.4178,6.7371,22.65,98,96,1.38,NG,1691108215
206,Kone,-21.0595,164.8658,18.37,84,100,4.16,NC,1691108215
207,Sesimbra,38.4445,-9.1015,19.06,71,0,9.19,PT,1691108215
208,Sitka,57.0531,-135.33,18.94,72,20,4.12,US,1691108216
209,Tateyama,34.9833,139.8667,27.88,80,23,6.36,JP,1691108216
210,Taro,-8.3862,115.28,21.03,78,59,1.12,ID,1691108216
211,Acarau,-2.8856,-40.12,25.48,83,68,6.05,BR,1691108216
212,Nizhniy Kuranakh,58.8353,125.4869,19.02,52,2,1.84,RU,1691108216
213,Pensacola,30.4213,-87.2169,32.3,67,0,4.12,US,1691108217
214,Qui Nhon,13.7667,109.2333,28.56,71,100,4.37,VN,1691108217
215,Vilyuysk,63.7553,121.6247,18.34,58,100,2.46,RU,1691108217
216,Kodiak,57.79,-152.4072,12.73,88,100,1.54,US,1691108217
217,Aras-Asan,8.8908,126.3033,27.86,76,62,1.92,PH,1691108218
218,Bestobe,52.4994,73.0975,20.52,70,79,3.02,KZ,1691108218
219,Khovd,48.0056,91.6419,18.49,54,14,0.84,MN,1691108218
220,Severo-Yeniseyskiy,60.3725,93.0408,12.6,73,34,3.95,RU,1691108218
221,Aketi,2.7388,23.7833,22.09,96,86,1.29,CD,1691108218
222,Parambu,-6.2111,-40.6944,25.56,55,56,3.72,BR,1691108219
223,Corning,42.1428,-77.0547,25.59,63,66,2.18,US,1691108128
224,Deqen,29.9618,90.7188,11.36,92,100,2.01,CN,1691108219
225,Arta,39.1606,20.9853,22.8,75,0,1.41,GR,1691108220
226,Asau,46.4333,26.4,20.71,67,0,2.03,RO,1691108220
227,Cabedelo,-6.9811,-34.8339,23.37,77,17,6.78,BR,1691108156
228,Touros,-5.1989,-35.4608,24.4,78,56,6.15,BR,1691108034
229,Bel Ombre,-4.6167,55.4167,23.91,88,100,6.17,SC,1691108220
230,Orlovskiy,46.8714,42.0592,19.65,82,25,2.77,RU,1691107937
231,Camiri,-20.05,-63.5167,20.2,37,0,1.54,BO,1691108221
232,Nar'Yan-Mar,67.6713,53.087,19.18,70,3,1.48,RU,1691108221
233,Nemuro,43.3236,145.575,19.35,94,92,9.07,JP,1691108221
234,Floro,61.5996,5.0328,14.04,77,75,9.26,NO,1691108222
235,Al Ghayzah,16.2079,52.176,25.96,82,67,2.89,YE,1691108222
236,Greenville,35.6127,-77.3663,26.18,68,100,0.45,US,1691107488
237,Mundargi,15.2167,75.9,22.29,86,95,7.38,IN,1691108222
238,Puerto Baquerizo Moreno,-0.9,-89.6,24.05,83,93,4.36,EC,1691108223
239,Kavaratti,10.5669,72.642,28.13,77,10,8.27,IN,1691108223
240,Nelson Bay,-32.7167,152.15,17.84,75,65,1.34,AU,1691108223
241,Kalmunai,7.4167,81.8167,26.19,79,40,2.8,LK,1691108224
242,Kot Diji,27.3427,68.7083,30.01,65,84,6.21,PK,1691108224
243,Zaki Biam,7.5167,9.6167,22.42,93,88,0.92,NG,1691108224
244,Vilyuchinsk,52.9306,158.4028,15.15,84,100,2.51,RU,1691108224
245,Yongning,24.68,118.69,29.55,79,100,5.27,CN,1691108225
246,Markovo,57.3206,107.0881,17.38,58,100,0.19,RU,1691108225
247,Yanam,16.7333,82.2167,24.81,89,93,2.88,IN,1691108225
248,Lamu,-2.2717,40.902,25.12,86,53,7.52,KE,1691108226
249,Wuwei,37.9281,102.6414,21.29,52,63,1.48,CN,1691108226
250,Bushehr,28.9684,50.8385,36.05,46,0,4.12,IR,1691108226
251,Fort-Shevchenko,44.5086,50.263,27.04,70,59,8.55,KZ,1691108226
252,Saint Marys,30.7305,-81.5465,30.01,76,40,3.09,US,1691108227
253,Suwayr,30.1171,40.3893,31.52,14,0,4.47,SA,1691108227
254,Armacao De Buzios,-22.7469,-41.8817,19.42,83,0,3.76,BR,1691107936
255,Collie,-33.3667,116.15,4.81,84,10,1.08,AU,1691108227
256,Luderitz,-26.6481,15.1594,15.16,53,99,2.83,NA,1691108228
257,Noumea,-22.2763,166.4572,20.0,99,100,4.91,NC,1691107518
258,Alofi,-19.0595,-169.9187,22.94,88,75,7.2,NU,1691108229
259,Novo Oriente,-5.5344,-40.7742,27.61,47,49,3.43,BR,1691108229
260,Palmer,42.1584,-72.3287,22.34,63,75,6.69,US,1691108017
261,Colonia,50.9333,6.95,16.01,88,75,1.54,DE,1691108002
262,Tralee,52.2704,-9.7026,12.63,92,25,3.65,IE,1691108230
263,Cholpon-Ata,42.6494,77.0823,16.03,56,0,1.06,KG,1691108230
264,Tura,25.5198,90.2201,23.67,96,100,2.57,IN,1691108231
265,Xai-Xai,-25.0519,33.6442,15.85,84,37,1.61,MZ,1691108231
266,Port Lincoln,-34.7333,135.8667,12.24,75,87,7.18,AU,1691108231
267,Al Kharijah,25.4514,30.5464,31.6,22,7,4.97,EG,1691108231
268,Grants,35.1473,-107.8514,31.13,12,0,0.0,US,1691108232
269,Urangan,-25.3,152.9,19.91,61,76,7.0,AU,1691108232
270,Klyuchi,52.2667,79.1667,19.16,72,68,1.69,RU,1691108232
271,Dombarovskiy,50.7587,59.5386,20.65,61,69,1.81,RU,1691108233
272,Cuajinicuilapa,16.4667,-98.4167,28.16,77,100,1.2,MX,1691108233
273,Chunar,25.1333,82.9,28.03,86,100,3.99,IN,1691108233
274,Khanty-Mansiysk,61.0042,69.0019,17.06,100,0,2.0,RU,1691108233
275,Tolanaro,-25.0319,46.9987,19.29,65,100,6.27,MG,1691108234
276,Okha,53.5739,142.9478,14.57,82,96,6.3,RU,1691108234
277,Klaksvik,62.2266,-6.589,8.51,81,100,9.34,FO,1691108234
278,Menongue,-14.6585,17.691,12.14,52,3,2.56,AO,1691108234
279,Anadyr,64.75,177.4833,12.28,87,75,6.0,RU,1691108235
280,Ilha De Mocambique,-15.0342,40.7358,20.58,92,29,7.07,MZ,1691108235
281,Al Muwayh,22.4333,41.7583,26.79,27,28,5.06,SA,1691108235
282,Labytnangi,66.6572,66.4183,18.03,70,4,3.88,RU,1691107984
283,Wladyslawowo,54.7909,18.4009,17.53,86,5,8.41,PL,1691108236
284,Colares,38.7992,-9.4469,19.07,72,0,16.09,PT,1691108236
285,Argo,37.6333,22.7333,24.88,58,0,1.38,GR,1691108236
286,Yelanskiy,56.8419,62.5014,19.11,76,97,2.52,RU,1691108237
287,El Calafate,-50.3408,-72.2768,3.09,93,81,4.41,AR,1691108237
288,Ramadi,33.4226,43.3058,34.19,22,0,6.73,IQ,1691108237
289,Kapit,2.0167,112.9333,25.77,85,75,0.5,MY,1691108237
290,Iquique,-20.2208,-70.1431,18.02,83,15,1.42,CL,1691108039
291,Krasnozerskoye,53.9828,79.2374,17.94,83,100,1.4,RU,1691108238
292,Songea,-10.6833,35.65,13.64,74,42,1.69,TZ,1691108238
293,Vadso,70.0744,29.7487,18.49,94,40,3.09,NO,1691108238
294,Carauari,-4.8828,-66.8958,26.65,68,80,1.11,BR,1691108238
295,Quibdo,5.6947,-76.6611,25.37,94,94,0.45,CO,1691108239
296,Yorkton,51.2167,-102.4677,30.91,33,0,6.69,CA,1691108239
297,Huarmey,-10.0681,-78.1522,19.57,81,4,4.36,PE,1691108239
298,Selfoss,63.9331,-20.9971,9.47,83,80,2.48,IS,1691108240
299,Brisas Barra De Suchiate,14.55,-92.2167,30.1,74,90,3.54,MX,1691108240
300,San Andres,12.5847,-81.7006,29.01,84,40,3.6,CO,1691108235
301,Sechenovo,55.2244,45.8906,18.23,85,61,1.76,RU,1691108241
302,Bodaybo,57.8506,114.1933,20.54,63,1,0.98,RU,1691108241
303,Ende,-8.8432,121.6623,26.3,63,10,0.73,ID,1691108242
304,Umba,66.6871,34.3429,13.6,91,88,4.84,RU,1691108242
305,Zeya,53.75,127.2667,20.15,42,60,3.49,RU,1691107965
306,Avarua,-21.2078,-159.775,22.03,88,75,5.14,CK,1691108242
307,Puerto Princesa,9.7392,118.7353,27.99,83,20,5.14,PH,1691108243
308,Macapa,0.0389,-51.0664,24.99,100,40,5.1,BR,1691107979
309,Puerto Deseado,-47.7503,-65.8938,8.3,45,92,12.99,AR,1691108243
310,Oltinko'L,40.8011,72.1634,26.89,20,3,2.45,UZ,1691108243
311,Igarka,67.4667,86.5833,14.4,61,22,6.41,RU,1691108244
312,Kozani,40.3011,21.7864,22.38,60,0,2.06,GR,1691108244
313,Ketchikan,55.3422,-131.6461,16.99,62,32,1.67,US,1691108244
314,Dubbo,-32.25,148.6167,12.07,71,91,2.06,AU,1691108067
315,Gargalianoi,37.0667,21.6333,25.2,84,0,2.88,GR,1691108245
316,Shimoda,34.6667,138.95,30.2,73,12,6.03,JP,1691108245
317,Kurumkan,54.3,110.3,19.63,77,70,1.05,RU,1691108246
318,Laguna,38.421,-121.4238,33.08,42,0,4.63,US,1691108246
319,Isla Vista,34.4133,-119.861,29.23,47,0,3.58,US,1691108246
320,Pisco,-13.7,-76.2167,19.03,77,0,6.17,PE,1691108247
321,Sao Miguel Do Araguaia,-13.275,-50.1628,26.93,31,70,1.34,BR,1691108247
322,Tosontsengel,48.7567,98.2839,14.55,74,100,1.2,MN,1691108247
323,Manicore,-5.8092,-61.3003,23.88,81,83,0.95,BR,1691108247
324,Sinabang,2.4803,96.3801,26.31,81,89,1.03,ID,1691108248
325,Medicine Hat,50.0501,-110.6683,31.24,29,75,4.63,CA,1691108163
326,Shenkursk,62.1091,42.896,16.42,91,15,2.05,RU,1691108248
327,Pudozh,61.8099,36.5345,18.02,86,51,3.03,RU,1691108248
328,Dan Sadau,11.2962,6.4952,21.97,96,51,2.33,NG,1691108249
329,Mont-Laurier,46.5501,-75.4993,16.79,91,50,0.96,CA,1691108249
330,Cassilandia,-19.1133,-51.7342,22.19,31,0,1.59,BR,1691108249
331,Tazacorte,28.629,-17.9293,24.54,94,100,5.66,ES,1691108249
332,Daru,-9.0763,143.2092,26.52,67,56,7.62,PG,1691108250
333,Mwinilunga,-11.7358,24.4293,13.21,58,0,2.59,ZM,1691108250
334,Fontanelas,38.8472,-9.4372,18.42,72,0,12.97,PT,1691108250
335,Sao Geraldo Do Araguaia,-6.4006,-48.555,30.45,31,97,0.29,BR,1691108175
336,Queenstown,-31.8976,26.8753,8.16,53,4,3.16,ZA,1691108251
337,Kristiansund,63.1115,7.732,13.36,88,75,3.6,NO,1691108252
338,Mazatan,14.8667,-92.45,30.04,100,75,0.0,MX,1691108252
339,Pandan,14.0453,124.1694,29.43,71,85,5.26,PH,1691108252
340,Mhamid,29.82,-5.72,33.91,6,0,2.15,MA,1691108252
341,Christchurch,-43.5333,172.6333,13.01,77,53,4.63,NZ,1691108214
342,Alto Parana,-23.1289,-52.3189,20.46,48,0,0.55,BR,1691108253
343,Columbus,39.9612,-82.9988,28.51,62,75,4.12,US,1691107835
344,Norilsk,69.3535,88.2027,18.57,42,34,1.84,RU,1691108254
345,Utrik,11.2278,169.8474,28.66,76,82,6.76,MH,1691108254
346,La'Ie,21.6477,-157.9253,30.98,63,14,3.58,US,1691108254
347,Rikaze,29.25,88.8833,15.03,58,99,1.43,CN,1691108254
348,Kanniyakumari,8.0833,77.5667,25.91,82,38,8.38,IN,1691108255
349,Viedma,-40.8135,-62.9967,7.61,34,0,5.31,AR,1691108255
350,Kiunga,-6.1219,141.2906,24.42,83,100,1.97,PG,1691108255
351,Alibag,18.6411,72.8792,27.04,85,97,6.47,IN,1691108255
352,Tobruk,32.0836,23.9764,26.79,74,0,3.04,LY,1691108255
353,Krasnyy Chikoy,50.3643,108.7512,14.76,98,100,0.58,RU,1691108256
354,Sarmiento,-45.5882,-69.07,6.17,51,94,12.97,AR,1691108256
355,Erenhot,43.6475,111.9767,26.52,40,94,4.88,CN,1691108256
356,Alaghsas,17.0187,8.0168,33.2,34,36,4.75,NE,1691108256
357,Istra,55.9178,36.8642,20.19,90,35,2.07,RU,1691107989
358,Ust'-Kulom,61.6864,53.6902,16.82,80,82,1.12,RU,1691108257
359,Makushino,55.2103,67.2442,16.22,95,24,2.55,RU,1691108257
360,Mitu,1.1983,-70.1733,22.59,95,97,1.29,CO,1691108257
361,Novaya Igirma,57.1334,103.9112,17.9,58,95,0.96,RU,1691108258
362,Labrador City,52.9463,-66.9114,13.95,67,75,2.06,CA,1691108126
363,Williston,48.147,-103.618,26.69,62,100,2.68,US,1691108258
364,Haiku-Pauwela,20.9219,-156.3051,29.54,54,20,12.35,US,1691108258
365,Zavetnoye,47.1194,43.8903,22.09,70,43,5.35,RU,1691108258
366,Santa Flavia,38.085,13.5351,25.88,57,0,2.09,IT,1691108259
367,Sho'Rchi,38.0141,67.7899,29.18,19,0,1.68,UZ,1691108259
368,Dabola,10.75,-11.1167,22.11,95,84,1.16,GN,1691108259
369,Fish Town,5.1964,-7.8756,21.32,99,73,1.05,LR,1691108259
370,Uglich,57.5275,38.3317,18.08,95,39,2.55,RU,1691108260
371,Whitecourt,54.1502,-115.6855,21.58,43,20,4.63,CA,1691108260
372,Ginir,7.1333,40.7,14.05,77,100,4.67,ET,1691108260
373,Taikang,46.8333,124.4167,19.66,96,100,3.44,CN,1691108260
374,Orsa,54.5153,30.4053,17.09,94,44,4.8,BY,1691108261
375,Sisimiut,66.9395,-53.6735,6.73,83,72,3.06,GL,1691108261
376,Kununurra,-15.7667,128.7333,24.99,41,4,2.57,AU,1691107995
377,Mugia,43.1041,-9.2179,14.95,74,39,7.12,ES,1691108261
378,Borba,-4.3878,-59.5939,23.94,89,94,2.16,BR,1691108262
379,Palmeiras De Goias,-16.805,-49.9258,21.74,30,0,1.86,BR,1691108072
380,Lijiang,26.8688,100.2207,16.07,96,100,0.45,CN,1691108262
381,Praia Da Vitoria,38.7333,-27.0667,23.14,78,75,5.19,PT,1691108262
382,Nova Sintra,14.8667,-24.7167,23.21,76,48,3.47,CV,1691108262
383,Solwezi,-12.1688,26.3894,12.1,63,0,2.77,ZM,1691108263
384,Motueka,-41.1333,173.0167,11.72,57,17,0.57,NZ,1691108264
385,Sayansk,54.1088,102.1648,18.79,64,83,0.03,RU,1691108264
386,Saquarema,-22.92,-42.5103,19.92,78,0,3.41,BR,1691108264
387,Dakhla,23.6848,-15.958,19.9,88,4,9.04,EH,1691108265
388,Sena Madureira,-9.0656,-68.6569,28.64,40,22,0.34,BR,1691108265
389,Fort Payne,34.4442,-85.7197,25.56,88,40,2.06,US,1691108265
390,Smara,26.7384,-11.6719,21.92,77,0,6.02,EH,1691108265
391,Rabo De Peixe,37.8,-25.5833,21.73,83,20,4.63,PT,1691108266
392,Xilin Hot,43.9667,116.0333,20.77,75,100,4.41,CN,1691108266
393,Chibougamau,49.9168,-74.3659,15.79,94,75,3.09,CA,1691108266
394,Noosa Heads,-26.3833,153.15,21.17,59,60,7.05,AU,1691108266
395,Botzingen,48.0764,7.7249,16.65,82,8,2.92,DE,1691108267
396,Valea Stanciului,43.9833,23.8667,24.16,51,0,1.72,RO,1691108267
397,Port Saint John'S,-31.6229,29.5448,16.51,50,0,2.05,ZA,1691108267
398,Mandalgovi,45.7625,106.2708,18.64,65,70,2.35,MN,1691108267
399,Shikhany,52.1167,47.2167,18.18,73,2,1.76,RU,1691108268
400,Kapa'A,22.0752,-159.319,30.99,73,0,7.2,US,1691108268
401,Amurzet,47.6967,131.0981,15.7,80,100,4.84,RU,1691108268
402,Nagari,13.3333,79.5833,27.94,61,5,3.06,IN,1691108180
403,Revelstoke,50.9832,-118.2023,29.01,30,0,2.57,CA,1691108268
404,Fonte Boa,-2.4959,-66.2662,23.84,93,71,0.41,BR,1691108269
405,Sao Felix Do Xingu,-6.6447,-51.995,29.17,34,88,0.3,BR,1691108269
406,Sawakin,19.1059,37.3321,32.68,50,24,7.75,SD,1691108269
407,Aykhal,66.0,111.5,6.57,81,100,3.49,RU,1691108269
408,Kerikeri,-35.2268,173.9474,16.06,83,20,1.79,NZ,1691108270
409,George Town,5.4112,100.3354,28.96,83,20,3.13,MY,1691108210
410,Green River,41.5286,-109.4662,21.22,54,97,2.24,US,1691108271
411,Papantla De Olarte,20.45,-97.3167,30.72,83,100,3.87,MX,1691108271
412,Sotik Post,-0.7813,35.3416,13.35,85,99,3.05,KE,1691108271
413,Blagoveshchenka,52.8333,79.8667,18.36,79,90,1.87,RU,1691108271
414,Alfredo Baquerizo Moreno,-1.9167,-79.5167,28.99,66,25,1.92,EC,1691108271
415,Lorengau,-2.0226,147.2712,28.25,80,29,5.58,PG,1691108272
416,Pembroke,45.8168,-77.1162,19.54,77,81,3.0,CA,1691108244
417,Itoman,26.1247,127.6694,29.21,91,75,16.98,JP,1691108272
418,Fort Mcmurray,56.7268,-111.381,21.77,73,20,2.57,CA,1691108272
419,Constantia,44.1833,28.65,22.61,79,0,3.68,RO,1691108163
420,Kimbe,-5.5502,150.1429,28.84,66,83,4.83,PG,1691108273
421,Cockburn Town,21.4612,-71.1419,28.98,76,99,5.07,TC,1691108273
422,San Sebastian De La Gomera,28.0916,-17.1133,24.2,83,0,0.51,ES,1691108274
423,Karratha,-20.7377,116.8463,21.09,75,13,2.41,AU,1691108274
424,Topki,55.2769,85.6163,17.89,98,98,2.54,RU,1691108274
425,Usakos,-22.0,15.6,14.08,28,40,0.99,NA,1691108275
426,Iskateley,67.6803,53.1512,19.11,70,2,1.49,RU,1691108275
427,Kapiri Mposhi,-13.9652,28.6809,11.48,59,0,2.83,ZM,1691108275
428,Ottappalam,10.7667,76.3833,25.02,94,7,1.16,IN,1691108276
429,Pailon,-17.65,-62.75,25.5,35,0,2.35,BO,1691108276
430,Monchegorsk,67.9397,32.8739,16.5,86,100,2.38,RU,1691108276
431,Wotje,9.4543,170.2367,28.55,77,80,6.13,MH,1691108277
432,Laurel,39.0993,-76.8483,22.47,85,100,2.57,US,1691107715
433,Kalas,18.1667,74.8,23.46,81,100,4.98,IN,1691108277
434,Yung Shue Wan,22.2333,114.1167,31.3,82,97,0.45,HK,1691108277
435,Sao Jose Da Coroa Grande,-8.8978,-35.1478,23.38,72,21,4.17,BR,1691108277
436,Broome,42.2506,-75.833,24.36,74,0,3.58,US,1691108278
437,Quirinopolis,-18.4483,-50.4517,23.13,29,0,1.07,BR,1691108278
438,Mejit,10.2753,170.8646,28.51,75,94,6.09,MH,1691108278
439,Midvagur,62.0511,-7.1939,8.46,87,100,7.72,FO,1691108278
440,Yarmouth,41.7057,-70.2286,21.03,73,0,3.6,US,1691107988
441,Parun,35.4207,70.9221,14.42,60,41,3.33,AF,1691108279
442,Al Qusayr,34.5091,36.5798,22.86,66,0,2.33,SY,1691108279
443,Ewarton,18.1808,-77.0766,28.71,88,76,0.64,JM,1691108279
444,Mananjary,-21.2167,48.3333,19.69,77,88,5.0,MG,1691108279
445,Mar Del Plata,-38.0023,-57.5575,8.94,58,0,4.12,AR,1691108233
446,Arkalyk,50.2486,66.9114,19.19,71,15,3.19,KZ,1691108280
447,Suva,-18.1416,178.4415,23.71,73,75,4.63,FJ,1691108280
448,Monrovia,6.3005,-10.7969,23.87,85,78,3.37,LR,1691108281
449,Pangai,-19.8,-174.35,24.06,64,75,9.77,TO,1691108281
450,Naze,28.3667,129.4833,27.51,87,100,9.78,JP,1691108281
451,Boende,-0.2167,20.8667,21.96,93,92,1.08,CD,1691108281
452,Kabalo,-6.05,26.9167,24.85,42,31,2.75,CD,1691108282
453,Maiurno,13.4167,33.6667,24.76,82,99,3.93,SD,1691108282
454,Carora,10.1755,-70.0827,29.33,52,51,5.78,VE,1691108282
455,Donghai,22.9459,115.642,29.63,79,90,3.94,CN,1691108282
456,Porto Novo,6.4965,2.6036,23.57,88,70,2.53,BJ,1691108283
457,Rio Grande,-32.035,-52.0986,14.06,73,61,3.3,BR,1691108210
458,Pointe Aux Piments,-20.0628,57.5131,23.31,70,16,8.65,MU,1691108283
459,Wynyard,-41.0,145.7167,12.12,95,100,4.24,AU,1691108284
460,Ishigaki,24.3448,124.1572,28.07,94,75,8.75,JP,1691108284
461,Sitia,35.2,26.0986,24.99,76,0,2.56,GR,1691108284
462,Bardsir,29.9227,56.5743,20.65,20,0,1.28,IR,1691108284
463,Ambodifotatra,-16.9833,49.85,23.29,81,46,9.72,MG,1691108285
464,Aktau,43.65,51.2,24.32,40,8,5.34,KZ,1691108285
465,Suoyarvi,62.0833,32.35,16.59,98,100,2.52,RU,1691108285
466,Torit,4.4133,32.5678,20.23,90,99,0.89,SS,1691108285
467,Beaufort West,-32.3567,22.583,14.61,42,12,6.27,ZA,1691108286
468,Camocim,-2.9022,-40.8411,25.65,79,54,5.85,BR,1691108286
469,Zungeru,9.8128,6.1558,23.38,96,67,1.68,NG,1691108286
470,Hrodna,53.6884,23.8258,15.82,85,16,5.46,BY,1691108287
471,Guerrero Negro,27.9769,-114.0611,24.62,63,7,7.61,MX,1691108287
472,Tamanrasset,22.785,5.5228,27.95,24,14,1.54,DZ,1691107999
473,Lagoa,39.05,-27.9833,21.92,77,4,6.23,PT,1691108287
474,Borogontsy,62.6683,131.1683,20.9,50,5,1.94,RU,1691108288
475,Lycksele,64.5954,18.6735,11.93,94,75,0.0,SE,1691108288
476,Shakawe,-18.3667,21.85,12.02,52,0,2.65,BW,1691108289
477,Holualoa,19.6228,-155.9522,26.91,81,75,4.12,US,1691108289
478,St. John'S,47.5649,-52.7093,18.27,69,75,3.09,CA,1691108048
479,Xiaoweizhai,26.1903,107.5125,23.79,92,96,0.15,CN,1691108289
480,Okhotsk,59.3833,143.3,19.82,43,100,5.4,RU,1691108289
481,Kendari,-3.945,122.4989,26.38,81,15,1.23,ID,1691108290
482,Kharp,66.8014,65.8081,18.99,71,4,2.38,RU,1691108290
483,Necochea,-38.5473,-58.7368,6.83,46,51,4.66,AR,1691108290
484,Dong Ha,16.8163,107.1003,27.04,74,100,7.1,VN,1691108291
485,Moroto,2.5345,34.6666,18.16,77,100,1.76,UG,1691108291
486,Zhob,31.3411,69.4481,26.62,60,0,1.27,PK,1691108291
487,Antonina,-25.4286,-48.7119,20.82,86,1,0.68,BR,1691108292
488,Ridgecrest,35.6225,-117.6709,37.92,9,0,5.14,US,1691108008
489,Araxa,-19.5933,-46.9406,17.03,35,0,1.24,BR,1691108292
490,Sadovoye,47.7764,44.5089,25.47,49,79,3.37,RU,1691108292
491,Nagqu,31.5,92.0,7.5,88,100,0.74,CN,1691108293
492,Mount Pearl,47.5166,-52.7813,17.4,72,75,3.09,CA,1691108293
493,Mato Verde,-15.3972,-42.8664,21.61,46,15,1.65,BR,1691108293
494,Takoradi,4.8845,-1.7554,23.56,85,30,3.23,GH,1691108149
495,Entebbe,0.0644,32.4469,22.77,62,95,2.57,UG,1691108294
496,Sydney Mines,46.2367,-60.2177,19.39,78,20,3.09,CA,1691108294
497,Tabuk,17.4189,121.4443,25.92,82,100,0.43,PH,1691108294
498,Ixtapa,20.7,-105.2,27.9,83,100,5.14,MX,1691108295
499,Presque Isle,46.6811,-68.0159,21.12,63,100,5.14,US,1691108295
500,Vernon,50.2581,-119.2691,33.85,17,1,1.54,CA,1691108295
501,Mount Gambier,-37.8333,140.7667,12.06,81,93,7.98,AU,1691108295
502,Antsiranana,-12.2787,49.2917,22.8,75,49,7.9,MG,1691108296
503,Santa Maria Del Oro,25.9333,-105.3667,31.05,22,42,6.34,MX,1691108296
504,Hammerfest,70.6634,23.6821,20.25,73,20,3.09,NO,1691108297
505,Surman,32.7567,12.5716,31.8,37,0,3.91,LY,1691108297
506,Dhidhdhoo,6.8833,73.1,27.71,77,20,5.47,MV,1691108298
507,Corner Brook,48.9667,-57.9484,15.09,86,3,1.2,CA,1691108028
508,Mount Isa,-20.7333,139.5,21.87,49,3,6.17,AU,1691108298
509,Glace Bay,46.1969,-59.957,18.88,82,20,3.09,CA,1691108299
510,Barcelos,41.5388,-8.6151,17.6,77,28,3.35,PT,1691108001
511,Belo Sur Tsiribihina,-19.7,44.55,21.23,59,0,2.41,MG,1691108236
512,Ouro Sogui,15.6,-13.3167,34.73,45,4,3.12,SN,1691108299
513,Qusmuryn,52.4503,64.6311,18.95,78,58,2.31,KZ,1691108300
514,Tynda,55.1667,124.7167,17.22,56,14,1.18,RU,1691108300
515,Padang,-0.9492,100.3543,24.03,86,57,1.46,ID,1691108300
516,Malango,-2.9627,119.9001,23.03,76,16,0.72,ID,1691108300
517,Mahina,-17.5065,-149.489,27.87,65,75,3.6,PF,1691108301
518,Pechora,65.1472,57.2244,18.07,80,29,1.62,RU,1691108301
519,Tibanbang,6.6315,126.1055,27.82,80,59,2.14,PH,1691108301
520,Warangal,18.0,79.5833,24.59,85,100,4.67,IN,1691108302
521,Newman,37.3138,-121.0208,33.19,19,0,3.27,US,1691108302
522,Wani,20.0667,78.95,24.3,88,100,3.3,IN,1691108302
523,Road Town,18.4167,-64.6167,29.05,79,40,2.06,VG,1691108302
524,Villa Rica,33.7321,-84.9191,25.19,61,100,2.72,US,1691108303
525,Khyzy,40.9058,49.0813,23.23,54,4,3.24,AZ,1691108303
526,Kapuskasing,49.4169,-82.4331,18.05,88,100,3.6,CA,1691108303
527,Businga,3.3333,20.8833,21.24,99,87,0.88,CD,1691108304
528,Horta,38.5333,-28.6333,22.79,86,13,2.68,PT,1691108304
529,Kenai,60.5544,-151.2583,16.05,83,40,6.69,US,1691108304
530,Hoquiam,46.9809,-123.8893,27.14,72,0,6.69,US,1691108305
531,Montefiascone,42.5393,12.0362,21.93,92,1,1.34,IT,1691108305
532,Vila Velha,-20.3297,-40.2925,22.19,90,0,1.03,BR,1691108305
533,Tual,-5.6667,132.75,26.25,84,55,9.29,ID,1691108306
534,Almunecar,36.7339,-3.6907,30.16,38,0,6.11,ES,1691108306
535,Sur,22.5667,59.5289,30.95,58,35,3.86,OM,1691108306
536,Port Douglas,-16.4833,145.4667,22.95,71,50,8.17,AU,1691108155
537,Santa Vitoria,-18.8386,-50.1214,22.87,34,0,0.23,BR,1691108307
538,Metu,8.3,35.5833,13.69,98,100,0.81,ET,1691108307
539,Savanna-La-Mar,18.219,-78.1332,29.97,81,88,0.9,JM,1691108307
540,Donskoye,45.4552,41.9741,19.07,83,94,0.96,RU,1691108308
541,Basco,20.4487,121.9702,28.14,86,100,15.9,PH,1691108308
542,Divino Das Laranjeiras,-18.7778,-41.4797,20.98,47,0,1.5,BR,1691108308
543,Phalaborwa,-23.943,31.1411,13.6,67,21,2.37,ZA,1691108308
544,Nuuk,64.1835,-51.7216,9.34,71,20,4.12,GL,1691108308
545,Mulanje,-16.0316,35.5,13.82,92,27,1.95,MW,1691108309
546,Murzuq,25.9155,13.9184,31.46,14,0,4.64,LY,1691108309
547,Berezovo,63.9381,65.0419,18.26,78,37,2.92,RU,1691108309
548,Midelt,32.6852,-4.7451,23.22,31,0,1.69,MA,1691108310
549,Mogocha,53.7333,119.7667,18.19,51,100,1.2,RU,1691108310
550,Prince George,53.9166,-122.753,24.03,42,20,2.06,CA,1691108310
551,Vilhena,-12.7406,-60.1458,24.37,36,36,1.91,BR,1691108311
552,Eureka,40.8021,-124.1637,25.93,83,28,2.24,US,1691108311
553,Rantauprapat,2.1,99.8333,23.67,92,95,0.77,ID,1691108311
554,Bubaque,11.2833,-15.8333,25.67,88,100,2.37,GW,1691108312
555,Fedorovka,53.6314,62.7078,17.31,80,79,3.29,KZ,1691108312
556,Nafada,11.0956,11.3327,24.59,85,100,4.94,NG,1691108312
557,Zaozersk,69.4005,32.4476,16.81,80,39,1.83,RU,1691108312
558,Qinhuangdao,39.9317,119.5883,28.0,89,100,3.72,CN,1691108313
559,Yamba,-5.9,22.3,23.5,36,67,1.57,CD,1691108313
560,Barakani,-12.1356,44.4317,24.54,77,96,6.41,KM,1691108313
561,Sao Paulo De Olivenca,-3.3783,-68.8725,23.74,94,33,0.83,BR,1691108313
562,Sungai Penuh,-2.0833,101.3833,18.79,97,97,1.27,ID,1691108314
563,Centerville,39.6284,-84.1594,28.3,69,75,2.06,US,1691108226
564,Mirny,62.5353,113.9611,11.8,87,100,4.92,RU,1691108314
565,Bir El Ater,34.7449,8.0602,28.16,25,0,1.8,DZ,1691108314
566,Qurayyat,31.3318,37.3428,23.1,56,0,6.17,SA,1691108315
567,Chuhar Jamali,24.3895,67.9923,28.39,76,100,5.74,PK,1691108315
568,Ciudad Lazaro Cardenas,17.9583,-102.2,29.52,67,99,3.48,MX,1691108315
569,Chaparral,3.7232,-75.4832,26.68,46,63,1.21,CO,1691108315
